LocalTime,Temp,Hum,WindSpeed,WindDir,Bar,Solar,UV,Temp_m,Hum_m
2020/1/22 15:30,22.17,83.32,0.89,5,1017.06,216,1.1,V,V
2020/1/22 15:35,22.17,83.56,1.34,351,1016.86,139,0.8,V,V
2020/1/22 15:40,22.17,83.78,1.34,44,1017,172,0.7,V,V
2020/1/22 15:45,22.17,84,0,317,1016.96,169,0.7,V,
2020/1/22 15:50,22.17,84,0.45,34,1017.06,134,0.6,V,
2020/1/22 15:55,22.17,83.29,0.89,40,1017,104,0.5,V,V
2020/1/22 16:00,22.17,83.53,0.45,38,1017.23,76,0,,V
2020/1/22 16:05,22.17,83.75,0.45,38,1017.23,76,0,,V
2020/1/22 16:10,22.06,84,0.45,32,1017.13,111,0,V,
2020/1/22 16:15,22.06,82.95,0,30,1017.13,56,0,V,V
2020/1/22 16:20,22.06,83.23,0.45,24,1017.06,69,0,V,V
2020/1/22 16:25,22.06,83.5,0.89,42,1016.86,56,0,V,V
2020/1/22 16:30,22.06,83.75,0.89,19,1017.03,56,0,V,V
2020/1/22 16:35,22.06,84,1.79,19,1017,44,0,,
2020/1/22 16:40,21.89,84,0.89,18,1017,42,0,,
2020/1/22 16:45,21.67,85,0.89,32,1017.13,53,0,,
2020/1/22 16:50,21.61,86,0.45,341,1017.1,49,0,,
2020/1/22 16:55,21.56,87,1.34,330,1017.1,23,0,,
2020/1/22 17:00,21.5,87,0.89,322,1017.1,16,0,,
2020/1/22 17:05,21.44,87,0.45,321,1016.83,12,0,,
2020/1/22 17:10,20.89,88,0.45,38,1016.52,18,0,,
2020/1/22 17:15,20.72,88,1.34,38,1016.76,16,0,,
2020/1/22 17:20,20.72,89,0.45,13,1016.9,16,0,,
2020/1/22 17:25,20.72,89,0.89,42,1017.06,11,0,,
2020/1/22 17:30,20.72,89,0.45,34,1017.13,7,0,,
2020/1/22 17:35,20.72,89,0.45,355,1017.27,0,0,,
2020/1/22 17:40,20.78,89,0.89,321,1017.34,0,0,,
2020/1/22 17:45,20.78,89,0.89,321,1017.61,0,0,,
2020/1/22 17:50,20.72,89,1.34,355,1017.78,0,0,,
2020/1/22 17:55,20.72,89,0.45,5,1017.64,0,0,,
2020/1/22 18:00,20.72,89,1.79,15,1017.61,0,0,,
2020/1/22 18:05,20.61,90,0.89,14,1017.78,0,0,,
2020/1/22 18:10,20.5,90,0.89,13,1017.84,0,0,,
2020/1/22 18:15,20.5,90,1.34,360,1017.81,0,0,,
2020/1/22 18:20,20.56,90,0.89,306,1017.91,0,0,,
2020/1/22 18:25,20.56,90,1.79,279,1018.01,0,0,,
2020/1/22 18:30,20.5,90,0.89,360,1018.22,0,0,,
2020/1/22 18:35,20.44,90,1.34,36,1017.88,0,0,,
2020/1/22 18:40,20.33,90,0.89,34,1017.98,0,0,,
2020/1/22 18:45,20.33,90,1.34,360,1018.11,0,0,,
2020/1/22 18:50,20.28,90,0,51,1018.08,0,0,,
2020/1/22 18:55,20.22,90,0.89,53,1018.05,0,0,,
2020/1/22 19:00,20.22,90,1.34,56,1017.98,0,0,,
2020/1/22 19:05,20.22,90,2.24,55,1018.32,0,0,,
2020/1/22 19:10,20.28,90,0.45,54,1018.42,0,0,,
2020/1/22 19:15,20.39,90,1.34,55,1018.15,0,0,,
2020/1/22 19:20,20.33,89,0,54,1018.32,0,0,,
2020/1/22 19:25,20.39,89,1.34,65,1018.22,0,0,,
2020/1/22 19:30,20.33,89,0.45,52,1018.15,0,0,,
2020/1/22 19:35,20.44,89,1.34,40,1018.35,0,0,,
2020/1/22 19:40,20.5,90,0.45,323,1018.59,0,0,,
2020/1/22 19:45,20.56,90,0,327,1018.72,0,0,,
2020/1/22 19:50,20.61,90,0.45,9,1018.55,0,0,,
2020/1/22 19:55,20.67,90,0.45,360,1018.62,0,0,,
2020/1/22 20:00,20.61,90,0,347,1018.62,0,0,,
2020/1/22 20:05,20.5,90,0.45,28,1018.69,0,0,,
2020/1/22 20:10,20.44,90,0.45,298,1018.62,0,0,,
2020/1/22 20:15,20.39,90,0,315,1018.66,0,0,,
2020/1/22 20:20,20.39,91,0.45,327,1018.66,0,0,,
2020/1/22 20:25,20.39,91,0.89,5,1018.72,0,0,,
2020/1/22 20:30,20.33,91,0.89,338,1018.59,0,0,,
2020/1/22 20:35,20.33,91,0.89,37,1018.59,0,0,,
2020/1/22 20:40,20.33,91,1.79,28,1018.45,0,0,,
2020/1/22 20:45,20.22,91,1.34,21,1018.35,0,0,,
2020/1/22 20:50,20.22,91,0.45,42,1018.52,0,0,,
2020/1/22 20:55,20.22,91,0.89,360,1018.22,0,0,,
2020/1/22 21:00,20.17,91,0.89,10,1018.22,0,0,,
2020/1/22 21:05,20.22,91,0.89,309,1018.32,0,0,,
2020/1/22 21:10,20.22,91,0.45,21,1018.32,0,0,,
2020/1/22 21:15,20.17,91,0.89,55,1018.11,0,0,,
2020/1/22 21:20,20.11,91,2.24,59,1018.15,0,0,,
2020/1/22 21:25,20.17,91,1.79,46,1018.01,0,0,,
2020/1/22 21:30,20.22,91,0.89,57,1018.05,0,0,,
2020/1/22 21:35,20.22,91,0.45,34,1017.98,0,0,,
2020/1/22 21:40,20.22,91,0.45,39,1017.94,0,0,,
2020/1/22 21:45,20.22,91,0.45,53,1017.78,0,0,,
2020/1/22 21:50,20.22,91,0.89,51,1018.01,0,0,,
2020/1/22 21:55,20.28,91,1.79,49,1018.15,0,0,,
2020/1/22 22:00,20.28,91,0.45,47,1018.22,0,0,,
2020/1/22 22:05,20.28,91,0.89,52,1017.98,0,0,,
2020/1/22 22:10,20.33,91,0,80,1018.22,0,0,,
2020/1/22 22:15,20.33,90,0.89,74,1017.94,0,0,,
2020/1/22 22:20,20.39,90,0.45,59,1018.11,0,0,,
2020/1/22 22:25,20.44,90,0.45,56,1017.91,0,0,,
2020/1/22 22:30,20.39,90,0.45,55,1017.98,0,0,,
2020/1/22 22:35,20.44,90,0,54,1018.18,0,0,,
2020/1/22 22:40,20.44,91,0,55,1018.01,0,0,,
2020/1/22 22:45,20.44,91,0.89,51,1018.05,0,0,,
2020/1/22 22:50,20.5,91,2.24,28,1017.88,0,0,,
2020/1/22 22:55,20.5,91,0.89,348,1017.91,0,0,,
2020/1/22 23:00,20.56,91,0.89,36,1017.94,0,0,,
2020/1/22 23:05,20.56,91,1.34,30,1017.98,0,0,,
2020/1/22 23:10,20.67,91,0.45,15,1017.81,0,0,,
2020/1/22 23:15,20.67,92,0.45,23,1017.84,0,0,,
2020/1/22 23:20,20.67,92,0.89,18,1017.84,0,0,,
2020/1/22 23:25,20.61,92,1.34,22,1017.74,0,0,,
2020/1/22 23:30,20.56,91,0.45,32,1017.67,0,0,,
2020/1/22 23:35,20.5,92,0,27,1017.64,0,0,,
2020/1/22 23:40,20.5,92,1.34,19,1017.61,0,0,,
2020/1/22 23:45,20.5,92,0,33,1017.61,0,0,,
2020/1/22 23:50,20.5,92,0.45,30,1017.61,0,0,,
2020/1/22 23:55,20.56,92,0.89,27,1017.61,0,0,,
2020/1/23 00:00,20.56,92,0.89,5,1017.61,0,0,,
2020/1/23 00:05,20.56,92,0.89,5,1017.61,0,0,,
2020/1/23 00:10,20.61,92,0.45,348,1017.57,0,0,,
2020/1/23 00:15,20.67,92,1.34,22,1017.64,0,0,,
2020/1/23 00:20,20.61,92,1.34,33,1017.64,0,0,,
2020/1/23 00:25,20.67,93,0.89,321,1017.54,0,0,,
2020/1/23 00:30,20.67,93,0.45,24,1017.54,0,0,,
2020/1/23 00:35,20.67,93,0.89,15,1017.57,0,0,,
2020/1/23 00:40,20.61,93,0.89,344,1017.61,0,0,,
2020/1/23 00:45,20.56,93,0.45,347,1017.64,0,0,,
2020/1/23 00:50,20.56,93,0,317,1017.71,0,0,,
2020/1/23 00:55,20.5,93,0,302,1017.67,0,0,,
2020/1/23 01:00,20.44,93,0.45,313,1017.57,0,0,,
2020/1/23 01:05,20.44,93,0,313,1017.67,0,0,,
2020/1/23 01:10,20.33,93,1.34,26,1017.61,0,0,,
2020/1/23 01:15,20.28,93,0.89,18,1017.44,0,0,,
2020/1/23 01:20,20.28,93,0.45,26,1017.37,0,0,,
2020/1/23 01:25,20.28,93,0.45,360,1017.2,0,0,,
2020/1/23 01:30,20.22,93,0.89,60,1017.1,0,0,,
2020/1/23 01:35,20.22,94,0.45,30,1017.06,0,0,,
2020/1/23 01:40,20.17,94,0.89,35,1017.17,0,0,,
2020/1/23 01:45,20.17,94,0.89,11,1017.2,0,0,,
2020/1/23 01:50,20.17,94,0.89,351,1017.06,0,0,,
2020/1/23 01:55,20.17,94,0,360,1017.06,0,0,,
2020/1/23 02:00,20.22,94,0.89,5,1017.1,0,0,,
2020/1/23 02:05,20.28,94,1.34,17,1017,0,0,,
2020/1/23 02:10,20.28,94,0.45,18,1016.9,0,0,,
2020/1/23 02:15,20.22,94,0,27,1016.86,0,0,,
2020/1/23 02:20,20.22,94,1.79,31,1016.86,0,0,,
2020/1/23 02:25,20.28,94,1.79,63,1016.83,0,0,,
2020/1/23 02:30,20.28,94,0.45,63,1016.86,0,0,,
2020/1/23 02:35,20.28,94,0.45,59,1016.76,0,0,,
2020/1/23 02:40,20.28,93,0.45,59,1016.93,0,0,,
2020/1/23 02:45,20.17,93,1.34,63,1016.76,0,0,,
2020/1/23 02:50,20.11,93,0.89,59,1016.66,0,0,,
2020/1/23 02:55,20.11,93,0.89,67,1016.66,0,0,,
2020/1/23 03:00,20.11,93,0,57,1016.66,0,0,,
2020/1/23 03:05,20.11,93,0.89,57,1016.52,0,0,,
2020/1/23 03:10,20,93,0,33,1016.45,0,0,,
2020/1/23 03:15,20,93,0.89,52,1016.52,0,0,,
2020/1/23 03:20,20.06,93,0.89,50,1016.35,0,0,,
2020/1/23 03:25,20.06,93,0,50,1016.45,0,0,,
2020/1/23 03:30,20.06,93,0,49,1016.35,0,0,,
2020/1/23 03:35,20.17,93,0.45,51,1016.39,0,0,,
2020/1/23 03:40,20.22,93,0.89,57,1016.35,0,0,,
2020/1/23 03:45,20.28,93,2.24,48,1016.32,0,0,,
2020/1/23 03:50,20.39,93,0.89,66,1016.25,0,0,,
2020/1/23 03:55,20.33,93,0.89,64,1016.18,0,0,,
2020/1/23 04:00,20.28,93,1.34,65,1016.22,0,0,,
2020/1/23 04:05,20.28,92,1.79,58,1016.25,0,0,,
2020/1/23 04:10,20.28,92,0.45,57,1016.32,0,0,,
2020/1/23 04:15,20.28,92,0.89,53,1016.15,0,0,,
2020/1/23 04:20,20.22,92,0,51,1016.18,0,0,,
2020/1/23 04:25,20.22,92,1.34,48,1016.08,0,0,,
2020/1/23 04:30,20.22,92,0,43,1015.98,0,0,,
2020/1/23 04:35,20.11,92,0.45,53,1016.08,0,0,,
2020/1/23 04:40,20.06,92,0.45,57,1016.01,0,0,,
2020/1/23 04:45,19.94,92,0.89,53,1015.95,0,0,,
2020/1/23 04:50,19.94,92,0.89,43,1016.01,0,0,,
2020/1/23 04:55,19.89,92,0.89,51,1016.05,0,0,,
2020/1/23 05:00,19.89,92,0.89,57,1016.05,0,0,,
2020/1/23 05:05,19.94,91,0.89,54,1016.15,0,0,,
2020/1/23 05:10,19.94,91,0.89,56,1016.05,0,0,,
2020/1/23 05:15,19.94,91,0.45,54,1015.98,0,0,,
2020/1/23 05:20,19.94,91,0.45,55,1016.05,0,0,,
2020/1/23 05:25,20.11,91,2.24,63,1016.08,0,0,,
2020/1/23 05:30,20.28,91,0.45,59,1016.05,0,0,,
2020/1/23 05:35,20.33,91,0.89,60,1016.18,0,0,,
2020/1/23 05:40,20.39,90,0.45,61,1016.18,0,0,,
2020/1/23 05:45,20.44,90,0,59,1016.12,0,0,,
2020/1/23 05:50,20.33,90,0.89,59,1016.15,0,0,,
2020/1/23 05:55,20.28,90,0.45,57,1016.18,0,0,,
2020/1/23 06:00,20.28,90,0,56,1016.28,0,0,,
2020/1/23 06:05,20.22,90,0.45,56,1016.49,0,0,,
2020/1/23 06:10,20.11,91,0.89,51,1016.42,0,0,,
2020/1/23 06:15,20.11,91,0.89,46,1016.45,0,0,,
2020/1/23 06:20,20.06,92,1.79,5,1016.49,0,0,,
2020/1/23 06:25,20.06,92,0.45,36,1016.45,0,0,,
2020/1/23 06:30,20.06,92,0.89,28,1016.66,0,0,,
2020/1/23 06:35,20,92,0.89,16,1016.72,0,0,,
2020/1/23 06:40,19.94,93,0,26,1016.86,0,0,,
2020/1/23 06:45,19.89,93,0.89,13,1017,0,0,,
2020/1/23 06:50,19.94,93,0.45,17,1016.93,5,0,,
2020/1/23 06:55,19.94,93,1.34,26,1016.93,7,0,,
2020/1/23 07:00,19.89,93,0.45,26,1017.1,7,0,,
2020/1/23 07:05,19.83,93,0.89,19,1017.1,12,0,,
2020/1/23 07:10,19.83,93,1.79,360,1017.2,32,0,,
2020/1/23 07:15,19.89,93,0.45,9,1017.2,42,0,,
2020/1/23 07:20,19.89,93,0.89,19,1017.23,58,0,,
2020/1/23 07:25,19.94,93,2.24,360,1017.3,74,0,,
2020/1/23 07:30,20,94,2.24,360,1017.3,74,0,,
2020/1/23 07:35,20.17,94,1.34,18,1017.4,88,0,,
2020/1/23 07:40,20.33,93,0.89,28,1017.44,102,0,,
2020/1/23 07:45,20.5,93,0.89,39,1017.44,118,0,,
2020/1/23 07:50,20.67,93,1.34,37,1017.44,137,0,,
2020/1/23 07:55,20.78,93,1.34,18,1017.47,155,0,,
2020/1/23 08:00,20.89,93,0.89,29,1017.54,162,0,,
2020/1/23 08:05,20.89,93,1.34,29,1017.5,167,0,,
2020/1/23 08:10,21.28,92,1.34,36,1017.57,200,0.5,,
2020/1/23 08:15,21.44,92,0.45,37,1017.71,221,0.6,,
2020/1/23 08:20,21.61,92,1.34,54,1017.81,237,0.7,,
2020/1/23 08:25,21.78,91,1.79,47,1017.74,258,0.8,,
2020/1/23 08:30,21.94,91,1.34,40,1017.78,272,0.9,,
2020/1/23 08:35,22.17,91,1.79,78,1017.94,287,0.9,,
2020/1/23 08:40,22.22,90,1.34,61,1017.94,302,1,,
2020/1/23 08:45,22.44,90,1.34,57,1018.05,323,1.1,,
2020/1/23 08:50,22.61,89,1.34,53,1018.11,403,1.3,,
2020/1/23 08:55,22.72,88,1.79,69,1018.28,343,1.2,,
2020/1/23 09:00,22.83,88,0.89,48,1018.25,366,1.3,,
2020/1/23 09:05,22.83,88,0.89,48,1018.25,366,1.3,,
2020/1/23 09:10,22.89,87,1.34,59,1018.49,227,1.2,,
2020/1/23 09:15,22.89,87,1.79,70,1018.35,221,1.3,,
2020/1/23 09:20,22.94,88,0,44,1018.49,230,1.4,,
2020/1/23 09:25,23,87,1.79,69,1018.62,260,1.5,,
2020/1/23 09:30,23.11,88,0.45,45,1018.66,264,1.6,,
2020/1/23 09:35,23.17,87,1.79,67,1018.62,234,1.6,,
2020/1/23 09:40,23.28,87,0.45,44,1018.72,248,1.7,,
2020/1/23 09:45,23.39,87,0.89,51,1018.76,281,1.8,,
2020/1/23 09:50,23.33,86,1.79,62,1018.76,232,1.8,,
2020/1/23 09:55,23.39,86,0,59,1018.82,237,2.6,,
2020/1/23 10:00,23.56,87,1.34,360,1018.89,550,2.6,,
2020/1/23 10:05,23.67,87,0.89,44,1018.76,315,2.1,,
2020/1/23 10:10,24.28,85,0.89,40,1018.69,352,2.5,,
2020/1/23 10:15,24.39,85,1.34,48,1018.59,295,2.4,,
2020/1/23 10:20,24.61,85,0.89,360,1018.69,612,3.3,,
2020/1/23 10:25,24.89,85,1.34,14,1018.52,584,3.3,,
2020/1/23 10:30,25.06,84,0.89,32,1018.38,585,3.4,,
2020/1/23 10:35,25.17,84,0.89,29,1018.49,578,3.5,,
2020/1/23 10:40,25,83,1.34,59,1018.35,610,3.6,,
2020/1/23 10:45,25.11,83,0.89,53,1018.25,613,3.7,,
2020/1/23 10:50,25.22,83,0,53,1018.25,621,3.8,,
2020/1/23 10:55,25.5,83,0,25,1018.15,636,4,,
2020/1/23 11:00,25.61,83,1.79,9,1018.11,635,4,,
2020/1/23 11:05,25.61,83,0.89,5,1018.11,635,4,,
2020/1/23 11:10,26.17,82,0.45,325,1018.05,752,4.5,,
2020/1/23 11:15,26.33,82,0.89,316,1018.05,772,3.6,,
2020/1/23 11:20,26.28,82,0.45,325,1017.91,283,3.1,,
2020/1/23 11:25,26,81,0.45,344,1017.94,424,3.1,,
2020/1/23 11:30,25.94,82,0.89,341,1017.88,490,3.9,,
2020/1/23 11:35,25.89,82,0.45,342,1017.94,388,3.4,,
2020/1/23 11:40,26,82,0.45,317,1017.84,591,4.3,,
2020/1/23 11:45,26.06,82,0.45,347,1017.78,610,4.3,,
2020/1/23 11:50,26.22,82,0,321,1017.61,735,4.9,,
2020/1/23 11:55,26.44,82,0,355,1017.5,740,4.9,,
2020/1/23 12:00,26.72,81,0.45,336,1017.44,745,5,,
2020/1/23 12:05,26.72,81,0.89,325,1017.37,745,5,,
2020/1/23 12:10,26.83,80,0,355,1017.3,689,4.9,,
2020/1/23 12:15,26.78,79.79,0.89,5,1017.27,700,5,,V
2020/1/23 12:20,26.39,79.57,1.79,94,1017.27,696,4.9,,V
2020/1/23 12:25,26.28,79.34,0,94,1017.13,700,4.9,,V
2020/1/23 12:30,26.67,79.14,0,95,1016.96,735,4.5,,V
2020/1/23 12:35,26.78,78.94,0,95,1016.96,322,3.2,,V
2020/1/23 12:40,26.72,78.76,0.45,342,1016.96,339,3,,V
2020/1/23 12:45,26.83,78.59,0.45,338,1016.9,446,3.4,,V
2020/1/23 12:50,26.94,78.4,0,342,1016.9,311,2.8,,V
2020/1/23 12:55,26.78,78.21,0.45,334,1016.9,332,2.8,,V
2020/1/23 13:00,26.67,78,0,340,1016.9,278,2.6,,V
2020/1/23 13:05,26.67,77.79,0,337,1016.83,269,2.4,,V
2020/1/23 13:10,26.33,77.62,0,355,1016.72,325,2.6,,V
2020/1/23 13:15,26.28,79.78,0,355,1016.72,425,3.1,,V
2020/1/23 13:20,26.44,80,0.45,320,1016.69,826,4.7,,
2020/1/23 13:25,26.94,80,0.45,360,1016.45,703,4.4,,
2020/1/23 13:30,26.83,78.62,0.89,341,1016.32,515,3.6,V,V
2020/1/23 13:35,26.83,78.88,0.45,5,1016.28,308,3,V,V
2020/1/23 13:40,26.83,79.12,0.45,313,1016.28,367,3,V,V
2020/1/23 13:45,26.83,79.35,0,333,1016.28,302,2.5,,V
2020/1/23 13:50,26.89,79.58,0.45,12,1016.18,292,2.4,,V
2020/1/23 13:55,26.72,79.79,0.45,329,1016.12,290,2.3,,V
2020/1/23 14:00,26.61,80,0,333,1016.08,325,2.4,,
2020/1/23 14:05,26.56,80,0.45,346,1016.22,230,1.9,,
2020/1/23 14:10,26.33,80,0.45,340,1016.08,279,1.9,,
2020/1/23 14:15,26.17,81,0,348,1016.01,179,1.4,,
2020/1/23 14:20,25.94,81,0.45,10,1015.91,193,1.4,,
2020/1/23 14:25,25.72,82,0.89,350,1016.01,209,1.5,,
2020/1/23 14:30,25.56,83,0.45,11,1016.15,213,1.5,,
2020/1/23 14:35,25.44,83,1.34,328,1015.98,174,1.3,,
2020/1/23 14:40,25.33,83,0,350,1015.88,155,1.1,,
2020/1/23 14:45,25.11,83,1.79,360,1015.88,146,1,,
2020/1/23 14:50,24.94,84,1.79,355,1015.81,135,0.9,,
2020/1/23 14:55,24.78,85,0.89,360,1016.05,134,0.8,,
2020/1/23 15:00,24.72,85,0.45,9,1016.01,151,0.9,,
2020/1/23 15:05,24.72,85,0.45,360,1016.01,158,0.9,,
2020/1/23 15:10,24.83,86,0.89,5,1015.78,183,1,,
2020/1/23 15:15,24.89,85,0.45,355,1015.81,176,1,,
2020/1/23 15:20,24.89,85,0.89,360,1015.71,181,1.1,,
2020/1/23 15:25,24.83,85,1.34,355,1015.78,183,1,,
2020/1/23 15:30,24.83,85,0.45,360,1015.68,192,1,,
2020/1/23 15:35,24.94,85,0.45,360,1015.78,167,1,,
2020/1/23 15:40,24.94,85,0.89,360,1015.84,116,0.8,,
2020/1/23 15:45,24.94,85,0.89,360,1015.81,111,0.7,,
2020/1/23 15:50,24.94,85,0.89,355,1015.84,102,0.6,,
2020/1/23 15:55,24.89,85,0.45,5,1015.91,100,0.5,,
2020/1/23 16:00,24.83,85,0,5,1015.84,111,0.5,,
2020/1/23 16:05,24.83,85,0.45,5,1015.81,111,0.5,,
2020/1/23 16:10,24.56,85,0.89,9,1015.81,118,0.5,,
2020/1/23 16:15,24.44,85,0.45,360,1015.71,109,0.5,,
2020/1/23 16:20,24.33,85,0.89,19,1015.71,90,0,,
2020/1/23 16:25,24.33,86,0.89,355,1015.71,125,0,,
2020/1/23 16:30,24.44,86,0.89,355,1015.64,209,0,,
2020/1/23 16:35,24.56,85,0.45,355,1015.78,77,0,,
2020/1/23 16:40,24.5,85,0.45,327,1015.78,54,0,,
2020/1/23 16:45,24.33,85,0.89,20,1015.81,83,0,,
2020/1/23 16:50,24.22,85,1.34,16,1015.84,113,0,,
2020/1/23 16:55,24.28,85,0.89,321,1015.81,69,0,,
2020/1/23 17:00,24.33,85,1.34,336,1015.81,90,0,,
2020/1/23 17:05,24.33,85,0.89,340,1015.74,90,0,,
2020/1/23 17:10,24.06,85,0.45,9,1015.88,35,0,,
2020/1/23 17:15,23.83,86,1.34,5,1015.81,23,0,,
2020/1/23 17:20,23.61,86,0.45,307,1015.74,14,0,,
2020/1/23 17:25,23.5,86,0.89,321,1015.91,11,0,,
2020/1/23 17:30,23.28,87,0.89,360,1015.95,7,0,,
2020/1/23 17:35,23.17,87,0.89,355,1016.15,5,0,,
2020/1/23 17:40,23.11,87,1.34,44,1016.12,0,0,,
2020/1/23 17:45,23.06,88,1.34,33,1016.15,0,0,,
2020/1/23 17:50,23.06,88,0.45,30,1016.05,0,0,,
2020/1/23 17:55,23,88,0.89,355,1016.08,0,0,,
2020/1/23 18:00,23,89,0.89,22,1016.15,0,0,,
2020/1/23 18:05,23,89,0.89,17,1016.25,0,0,,
2020/1/23 18:10,22.89,89,0.89,17,1016.25,0,0,,
2020/1/23 18:15,22.78,89,0.89,360,1016.28,0,0,,
2020/1/23 18:20,22.67,90,0.89,355,1016.32,0,0,,
2020/1/23 18:25,22.67,90,1.34,342,1016.32,0,0,,
2020/1/23 18:30,22.56,90,1.34,30,1016.28,0,0,,
2020/1/23 18:35,22.44,90,1.79,5,1016.28,0,0,,
2020/1/23 18:40,22.22,90,2.24,45,1016.35,0,0,,
2020/1/23 18:45,21.94,90,1.34,29,1016.56,0,0,,
2020/1/23 18:50,21.83,90,1.79,360,1016.52,0,0,,
2020/1/23 18:55,21.78,90,1.79,44,1016.69,0,0,,
2020/1/23 19:00,21.78,90,1.79,32,1016.79,0,0,,
2020/1/23 19:05,21.78,90,1.79,32,1016.79,0,0,,
2020/1/23 19:10,21.72,91,1.79,28,1016.9,0,0,,
2020/1/23 19:15,21.67,91,0.89,17,1016.79,0,0,,
2020/1/23 19:20,21.61,91,1.34,29,1016.93,0,0,,
2020/1/23 19:25,21.56,91,1.34,360,1016.93,0,0,,
2020/1/23 19:30,21.5,92,2.24,21,1017.03,0,0,,
2020/1/23 19:35,21.39,92,1.34,35,1017,0,0,,
2020/1/23 19:40,21.33,92,1.34,19,1016.96,0,0,,
2020/1/23 19:45,21.33,92,3.58,11,1017.2,0,0,,
2020/1/23 19:50,21.33,92,2.24,360,1017.13,0,0,,
2020/1/23 19:55,21.33,92,3.58,360,1017.2,0,0,,
2020/1/23 20:00,21.33,92,1.34,360,1017.3,0,0,,
2020/1/23 20:05,21.33,92,2.68,5,1017.3,0,0,,
2020/1/23 20:10,21.33,92,2.24,39,1017.27,0,0,,
2020/1/23 20:15,21.28,92,4.47,52,1017.27,0,0,,
2020/1/23 20:20,21.22,93,2.24,42,1017.23,0,0,,
2020/1/23 20:25,21.17,93,3.58,355,1017.3,0,0,,
2020/1/23 20:30,21.11,93,1.79,28,1017.44,0,0,,
2020/1/23 20:35,21.06,93,1.34,40,1017.37,0,0,,
2020/1/23 20:40,21,93,1.79,30,1017.37,0,0,,
2020/1/23 20:45,21,93,2.68,43,1017.44,0,0,,
2020/1/23 20:50,21,93,1.34,9,1017.44,0,0,,
2020/1/23 20:55,21,93,2.68,360,1017.47,0,0,,
2020/1/23 21:00,21,93,1.34,342,1017.54,0,0,,
2020/1/23 21:05,21,93,1.79,49,1017.67,0,0,,
2020/1/23 21:10,21,93,0.45,30,1017.64,0,0,,
2020/1/23 21:15,20.94,93,0.89,49,1017.71,0,0,,
2020/1/23 21:20,20.94,93,2.68,51,1017.64,0,0,,
2020/1/23 21:25,20.94,93,1.34,75,1017.54,0,0,,
2020/1/23 21:30,21,93,3.13,77,1017.71,0,0,,
2020/1/23 21:35,21,93,3.13,77,1017.71,0,0,,
2020/1/23 21:40,21,93,1.34,72,1017.71,0,0,,
2020/1/23 21:45,21.06,93,2.68,67,1017.57,0,0,,
2020/1/23 21:50,21.11,93,1.79,69,1017.61,0,0,,
2020/1/23 21:55,21.17,93,1.79,360,1017.64,0,0,,
2020/1/23 22:00,21.17,93,1.79,66,1017.61,0,0,,
2020/1/23 22:05,21.17,93,1.79,79,1017.64,0,0,,
2020/1/23 22:10,21.17,93,0.89,57,1017.81,0,0,,
2020/1/23 22:15,21.17,93,2.24,64,1017.91,0,0,,
2020/1/23 22:20,21.22,93,1.34,54,1017.84,0,0,,
2020/1/23 22:25,21.22,93,1.34,56,1017.94,0,0,,
2020/1/23 22:30,21.28,93,1.34,38,1017.98,0,0,,
2020/1/23 22:35,21.28,93,1.34,38,1017.98,0,0,,
2020/1/23 22:40,21.28,93,1.79,37,1018.11,0,0,,
2020/1/23 22:45,21.33,93,1.34,26,1018.22,0,0,,
2020/1/23 22:50,21.44,93,0.89,18,1018.25,0,0,,
2020/1/23 22:55,21.44,93,1.79,42,1018.25,0,0,,
2020/1/23 23:00,21.5,94,1.79,21,1018.25,0,0,,
2020/1/23 23:05,21.5,94,1.34,28,1018.25,0,0,,
2020/1/23 23:10,21.5,94,2.24,349,1018.28,0,0,,
2020/1/23 23:15,21.5,94,1.34,30,1018.18,0,0,,
2020/1/23 23:20,21.5,94,1.79,355,1018.28,0,0,,
2020/1/23 23:25,21.5,94,0.45,19,1018.35,0,0,,
2020/1/23 23:30,21.5,94,1.79,360,1018.38,0,0,,
2020/1/23 23:35,21.5,94,1.79,360,1018.38,0,0,,
2020/1/23 23:40,21.5,94,0.89,309,1018.35,0,0,,
2020/1/23 23:45,21.5,94,1.34,321,1018.32,0,0,,
2020/1/23 23:50,21.39,94,1.34,288,1018.25,0,0,,
2020/1/23 23:55,21.39,94,2.24,324,1018.25,0,0,,
2020/1/24 00:00,21.39,94,3.58,30,1018.28,0,0,V,
2020/1/24 00:05,21.39,94,1.79,14,1018.25,0,0,V,
2020/1/24 00:10,21.39,94,2.68,42,1018.25,0,0,V,
2020/1/24 00:15,21.39,94,2.24,314,1018.22,0,0,V,
2020/1/24 00:20,21.11,94,2.24,360,1018.28,0,0,,
2020/1/24 00:25,21.06,94,2.24,360,1018.28,0,0,,
2020/1/24 00:30,21,94,2.24,360,1018.28,0,0,,
2020/1/24 00:35,21,94,2.24,360,1018.28,0,0,,
2020/1/24 00:40,20.83,95,3.58,360,1018.28,0,0,,
2020/1/24 00:45,20.78,95,3.58,23,1018.22,0,0,,
2020/1/24 00:50,20.78,94,3.58,5,1018.18,0,0,,
2020/1/24 00:55,20.67,94,1.34,360,1018.22,0,0,,
2020/1/24 01:00,20.67,94,2.68,22,1018.15,0,0,,
2020/1/24 01:05,20.61,94,3.58,5,1018.22,0,0,,
2020/1/24 01:10,20.67,95,3.58,360,1018.22,0,0,,
2020/1/24 01:15,20.72,95,2.24,360,1018.25,0,0,,
2020/1/24 01:20,20.67,95,2.24,360,1018.25,0,0,,
2020/1/24 01:25,20.72,94,2.24,5,1018.11,0,0,,
2020/1/24 01:30,20.72,94,2.24,298,1018.18,0,0,,
2020/1/24 01:35,20.72,94,2.24,298,1018.18,0,0,,
2020/1/24 01:40,20.67,94,3.58,29,1018.11,0,0,,
2020/1/24 01:45,20.56,94,4.02,360,1018.08,0,0,,
2020/1/24 01:50,20.61,95,2.68,37,1018.15,0,0,,
2020/1/24 01:55,20.61,94,2.24,5,1017.98,0,0,,
2020/1/24 02:00,20.61,94,2.68,47,1018.05,0,0,,
2020/1/24 02:05,20.56,94,5.81,360,1017.91,0,0,,
2020/1/24 02:10,20.56,94,4.02,26,1017.91,0,0,,
2020/1/24 02:15,20.56,94,3.13,49,1017.81,0,0,,
2020/1/24 02:20,20.44,94,2.68,360,1017.91,0,0,,
2020/1/24 02:25,20.39,94,2.68,32,1017.98,0,0,,
2020/1/24 02:30,20.39,94,4.02,14,1017.84,0,0,,
2020/1/24 02:35,20.39,94,4.02,14,1017.84,0,0,,
2020/1/24 02:40,20.33,94,2.68,360,1017.71,0,0,,
2020/1/24 02:45,20.33,94,2.68,61,1017.78,0,0,,
2020/1/24 02:50,20.33,94,1.34,46,1017.71,0,0,,
2020/1/24 02:55,20.28,94,4.47,55,1017.67,0,0,,
2020/1/24 03:00,20.28,94,1.79,30,1017.67,0,0,,
2020/1/24 03:05,20.28,94,3.13,46,1017.57,0,0,,
2020/1/24 03:10,20.22,94,1.79,39,1017.57,0,0,,
2020/1/24 03:15,20.22,94,1.79,31,1017.57,0,0,,
2020/1/24 03:20,20.17,94,1.79,39,1017.44,0,0,,
2020/1/24 03:25,20.17,95,1.34,30,1017.5,0,0,,
2020/1/24 03:30,20.17,95,1.34,13,1017.5,0,0,,
2020/1/24 03:35,20.17,95,1.34,13,1017.5,0,0,,
2020/1/24 03:40,20.22,95,4.47,61,1017.44,0,0,,
2020/1/24 03:45,20.22,95,1.79,5,1017.37,0,0,,
2020/1/24 03:50,20.28,95,1.34,360,1017.27,0,0,,
2020/1/24 03:55,20.28,95,1.79,360,1017.27,0,0,,
2020/1/24 04:00,20.28,95,2.68,355,1017.37,0,0,,
2020/1/24 04:05,20.22,95,3.13,15,1017.37,0,0,,
2020/1/24 04:10,20.28,95,2.24,54,1017.27,0,0,,
2020/1/24 04:15,20.22,95,3.58,360,1017.3,0,0,,
2020/1/24 04:20,20.28,95,2.68,49,1017.3,0,0,,
2020/1/24 04:25,20.28,95,1.79,355,1017.3,0,0,,
2020/1/24 04:30,20.22,95,2.68,30,1017.3,0,0,,
2020/1/24 04:35,20.22,95,2.68,30,1017.3,0,0,,
2020/1/24 04:40,20.22,95,4.47,38,1017.4,0,0,,
2020/1/24 04:45,20.28,95,3.58,360,1017.37,0,0,,
2020/1/24 04:50,20.33,95,1.79,31,1017.4,0,0,,
2020/1/24 04:55,20.28,95,3.58,329,1017.44,0,0,,
2020/1/24 05:00,20.28,95,4.02,9,1017.47,0,0,,
2020/1/24 05:05,20.28,95,4.47,58,1017.47,0,0,,
2020/1/24 05:10,20.28,95,2.24,37,1017.5,0,0,,
2020/1/24 05:15,20.33,95,1.79,55,1017.47,0,0,,
2020/1/24 05:20,20.33,95,2.68,360,1017.57,0,0,,
2020/1/24 05:25,20.33,95,1.79,360,1017.5,0,0,,
2020/1/24 05:30,20.28,95,1.79,27,1017.54,0,0,,
2020/1/24 05:35,20.28,95,1.79,27,1017.54,0,0,,
2020/1/24 05:40,20.28,95,2.68,355,1017.67,0,0,,
2020/1/24 05:45,20.22,95,3.58,327,1017.78,0,0,,
2020/1/24 05:50,20.17,95,5.36,50,1017.84,0,0,,
2020/1/24 05:55,20.17,95,4.92,59,1017.91,0,0,,
2020/1/24 06:00,20.11,95,2.68,36,1017.91,0,0,,
2020/1/24 06:05,20.11,95,5.36,360,1018.05,0,0,,
2020/1/24 06:10,20.06,95,4.02,329,1018.01,0,0,,
2020/1/24 06:15,20,95,3.13,18,1018.11,0,0,,
2020/1/24 06:20,19.89,95,2.68,360,1018.18,0,0,,
2020/1/24 06:25,19.89,95,4.02,32,1018.11,0,0,,
2020/1/24 06:30,19.83,95,2.68,360,1018.15,0,0,,
2020/1/24 06:35,19.83,95,2.68,360,1018.15,0,0,,
2020/1/24 06:40,19.78,94.99,4.02,344,1018.28,0,0,,V
2020/1/24 06:45,19.72,94.99,2.24,360,1018.22,0,0,,V
2020/1/24 06:50,19.72,95,3.58,18,1018.25,0,0,,
2020/1/24 06:55,19.78,95,1.34,33,1018.42,0,0,,V
2020/1/24 07:00,19.78,95,1.79,333,1018.42,7,0,,V
2020/1/24 07:05,19.83,95,4.47,360,1018.45,5,0,,V
2020/1/24 07:10,19.89,95,2.68,335,1018.62,7,0,,V
2020/1/24 07:15,19.89,95,1.79,44,1018.76,11,0,,V
2020/1/24 07:20,19.94,95,1.34,31,1018.82,9,0,,V
2020/1/24 07:25,20,95,1.34,54,1018.89,9,0,,
2020/1/24 07:30,20,95,2.24,16,1018.86,14,0,,
2020/1/24 07:35,20,95,2.24,16,1018.86,14,0,,
2020/1/24 07:40,20,95,2.24,360,1018.96,26,0,,
2020/1/24 07:45,20,95,1.79,360,1019.13,19,0,,
2020/1/24 07:50,20.06,95,2.24,43,1019.13,26,0,,
2020/1/24 07:55,20,95,1.79,360,1019.2,30,0,,
2020/1/24 08:00,20.06,95,1.79,360,1019.23,37,0,,
2020/1/24 08:05,20.06,95,3.13,52,1019.23,46,0,,
2020/1/24 08:10,20.11,95,1.34,45,1019.26,86,0,,V
2020/1/24 08:15,20.17,95,2.68,360,1019.43,70,0,,V
2020/1/24 08:20,20.17,95,2.24,16,1019.3,56,0,,V
2020/1/24 08:25,20.17,95,1.79,360,1019.37,49,0,,V
2020/1/24 08:30,20.22,95,2.24,52,1019.43,72,0,,
2020/1/24 08:35,20.22,95,2.24,52,1019.43,72,0,,
2020/1/24 08:40,20.28,95,2.68,360,1019.47,90,0,,
2020/1/24 08:45,20.28,95,1.79,41,1019.54,88,0,,
2020/1/24 08:50,20.28,95,1.79,341,1019.64,97,0,,
2020/1/24 08:55,20.33,95,2.68,360,1019.6,132,0.6,,
2020/1/24 09:00,20.39,95,2.24,355,1019.6,118,0.6,,
2020/1/24 09:05,20.39,95,2.24,360,1019.6,114,0.6,,
2020/1/24 09:10,20.39,95,2.24,360,1019.81,104,0.6,,
2020/1/24 09:15,20.39,95,2.68,32,1019.88,123,0.7,,
2020/1/24 09:20,20.39,95,2.68,360,1019.81,109,0.6,,
2020/1/24 09:25,20.44,95,3.58,333,1019.81,185,1.1,,
2020/1/24 09:30,20.44,95,2.24,38,1019.94,113,0.7,,
2020/1/24 09:35,20.44,95,2.24,38,1019.94,113,0.7,,
2020/1/24 09:40,20.5,95,2.68,351,1019.91,141,0.9,,
2020/1/24 09:45,20.56,95,2.24,74,1019.98,134,0.8,,
2020/1/24 09:50,20.56,95,1.34,52,1020.04,111,0.7,,
2020/1/24 09:55,20.5,94,2.68,319,1019.98,114,0.8,,
2020/1/24 10:00,20.5,94,4.02,51,1019.88,130,0.9,,
2020/1/24 10:05,20.5,94,3.58,355,1019.84,151,1.1,,
2020/1/24 10:10,20.5,94,2.24,13,1019.98,128,0.9,,
2020/1/24 10:15,20.56,94,1.79,355,1020.04,130,1,,
2020/1/24 10:20,20.44,94,4.02,5,1020.01,130,0.9,,
2020/1/24 10:25,20.5,94,2.24,15,1020.04,109,0.9,,
2020/1/24 10:30,20.56,94,1.79,360,1020.04,132,1,,
2020/1/24 10:35,20.56,94,1.79,360,1020.04,132,1,,
2020/1/24 10:40,20.56,94,4.02,360,1019.94,134,1.1,,
2020/1/24 10:45,20.67,94,3.13,304,1020.04,158,1.3,,
2020/1/24 10:50,20.61,94,2.68,360,1019.98,142,1.2,,
2020/1/24 10:55,20.61,94,4.02,351,1019.98,132,1,,
2020/1/24 11:00,20.61,94,4.02,325,1019.88,118,1.1,,
2020/1/24 11:05,20.61,94,1.79,360,1019.91,132,1.1,,
2020/1/24 11:10,20.61,94,3.13,19,1019.88,100,0.8,,
2020/1/24 11:15,20.61,94,2.24,360,1019.84,118,0.9,,
2020/1/24 11:20,20.56,94,3.58,360,1019.74,130,1.1,,
2020/1/24 11:25,20.56,94,1.34,19,1019.7,109,1,,
2020/1/24 11:30,20.56,94,2.24,60,1019.7,130,1.1,,
2020/1/24 11:35,20.5,94,2.24,360,1019.64,128,1.1,,
2020/1/24 11:40,20.5,94,2.24,360,1019.7,128,1,,
2020/1/24 11:45,20.5,94,2.24,360,1019.5,104,1,,
2020/1/24 11:50,20.39,94,4.02,349,1019.43,132,1.1,,
2020/1/24 11:55,20.39,94,4.47,306,1019.37,121,1.1,,
2020/1/24 12:00,20.44,94,2.24,355,1019.37,165,1.5,,
2020/1/24 12:05,20.5,94,2.68,360,1019.3,199,1.7,,
2020/1/24 12:10,20.5,94,4.02,327,1019.23,176,1.5,,
2020/1/24 12:15,20.44,94,1.79,288,1019.2,221,2,,
2020/1/24 12:20,20.5,93,2.24,337,1019.03,165,1.4,,
2020/1/24 12:25,20.44,93,5.81,360,1018.96,183,1.5,,
2020/1/24 12:30,20.44,93,2.24,360,1018.86,146,1.3,,
2020/1/24 12:35,20.44,93,2.68,360,1018.86,144,1.2,,
2020/1/24 12:40,20.44,93,3.58,360,1018.76,192,1.5,,
2020/1/24 12:45,20.44,93,1.34,360,1018.62,146,1.3,,
2020/1/24 12:50,20.39,93,4.92,360,1018.62,155,1.4,,
2020/1/24 12:55,20.39,93,4.47,329,1018.55,165,1.3,,
2020/1/24 13:00,20.39,93,2.68,360,1018.55,171,1.5,,
2020/1/24 13:05,20.39,93,3.58,360,1018.55,253,2.2,,
2020/1/24 13:10,20.5,93,3.58,261,1018.45,162,1.4,,
2020/1/24 13:15,20.5,93,3.13,292,1018.45,190,1.5,,
2020/1/24 13:20,20.5,93,2.24,360,1018.45,158,1.4,,
2020/1/24 13:25,20.5,93,3.58,360,1018.25,123,1.2,,
2020/1/24 13:30,20.44,93,2.68,323,1018.35,148,1.3,,
2020/1/24 13:35,20.5,93,3.58,360,1018.28,155,1.5,,
2020/1/24 13:40,20.44,93,4.92,360,1018.11,118,0.9,,
2020/1/24 13:45,20.39,93,1.79,360,1018.15,118,0.9,,
2020/1/24 13:50,20.39,93,3.58,360,1018.01,104,0.9,,
2020/1/24 13:55,20.33,93,1.79,360,1017.94,100,0.8,,
2020/1/24 14:00,20.28,93,2.24,360,1018.08,114,0.8,,
2020/1/24 14:05,20.22,93,5.36,329,1017.88,102,0.8,,
2020/1/24 14:10,20.17,93,5.36,360,1017.94,114,0.9,,
2020/1/24 14:15,20.22,93,4.47,360,1017.71,95,0.7,,
2020/1/24 14:20,20.22,93,4.92,360,1017.74,102,0.8,,
2020/1/24 14:25,20.17,93,3.58,360,1017.64,118,0.9,,
2020/1/24 14:30,20.22,93,2.68,5,1017.67,95,0.7,,
2020/1/24 14:35,20.22,93,4.47,360,1017.64,105,0.8,,
2020/1/24 14:40,20.22,93,4.92,322,1017.37,114,0.8,,
2020/1/24 14:45,20.17,93,3.58,360,1017.37,109,0.6,,
2020/1/24 14:50,20.11,93,4.02,16,1017.27,116,0.8,,
2020/1/24 14:55,20.11,93,4.02,323,1017.3,116,0.8,,
2020/1/24 15:00,20.06,93,4.47,360,1017.13,113,0.7,,
2020/1/24 15:05,20.06,93,4.47,360,1017.1,113,0.7,,
2020/1/24 15:10,20.06,93,3.58,360,1017.1,116,0.7,,
2020/1/24 15:15,20.11,93,5.81,360,1017.17,95,0.5,,
2020/1/24 15:20,20.11,93,7.15,360,1017.3,83,0.5,,
2020/1/24 15:25,20,93,4.92,360,1017.2,95,0.5,,
2020/1/24 15:30,20,93,3.58,360,1017.2,83,0,,
2020/1/24 15:35,20,93,2.68,360,1017.13,72,0,,
2020/1/24 15:40,20,93,7.15,360,1017.2,76,0,,
2020/1/24 15:45,19.89,93,3.58,247,1017.17,118,0.5,,
2020/1/24 15:50,19.89,93,4.92,319,1017.2,83,0,,
2020/1/24 15:55,19.89,93,6.71,360,1017.27,95,0,,
2020/1/24 16:00,19.89,93,4.47,48,1017.17,63,0,,
2020/1/24 16:05,19.78,93,6.26,360,1017.2,56,0,,
2020/1/24 16:10,19.67,94,4.92,360,1017.2,74,0,,
2020/1/24 16:15,19.67,94,4.92,11,1017.27,65,0,,
2020/1/24 16:20,19.67,94,4.47,360,1017.34,39,0,,
2020/1/24 16:25,19.61,94,4.47,304,1017.1,72,0,,
2020/1/24 16:30,19.67,94,4.92,9,1017.17,44,0,,
2020/1/24 16:35,19.67,94,4.92,9,1017.17,44,0,,
2020/1/24 16:40,19.67,94,4.02,360,1017.37,33,0,,
2020/1/24 16:45,19.61,94,5.81,355,1017.37,30,0,,
2020/1/24 16:50,19.56,94,3.58,355,1017.4,32,0,,
2020/1/24 16:55,19.56,94,5.81,360,1017.4,32,0,,
2020/1/24 17:00,19.56,94,3.58,360,1017.44,19,0,,
2020/1/24 17:05,19.5,94,3.13,310,1017.54,19,0,,
2020/1/24 17:10,19.44,94,4.92,355,1017.44,9,0,,
2020/1/24 17:15,19.39,94,4.92,316,1017.47,7,0,,
2020/1/24 17:20,19.28,94,4.02,360,1017.54,11,0,,
2020/1/24 17:25,19.22,94,6.71,32,1017.54,7,0,,
2020/1/24 17:30,19.33,94,5.81,360,1017.44,0,0,,
2020/1/24 17:35,19.33,94,5.36,9,1017.4,0,0,,
2020/1/24 17:40,19.28,94,6.26,86,1017.47,0,0,,
2020/1/24 17:45,19.28,94,7.15,44,1017.54,0,0,,
2020/1/24 17:50,19.17,94,4.47,360,1017.64,0,0,,
2020/1/24 17:55,19.17,95,4.02,360,1017.64,0,0,,
2020/1/24 18:00,19.17,95,3.58,360,1017.64,0,0,,
2020/1/24 18:05,19.11,95,4.92,323,1017.84,0,0,,
2020/1/24 18:10,19.11,95,4.92,26,1017.94,0,0,,
2020/1/24 18:15,19.06,95,4.02,360,1017.94,0,0,,
2020/1/24 18:20,19.11,95,5.81,360,1017.98,0,0,,
2020/1/24 18:25,19.11,95,2.68,360,1018.15,0,0,,
2020/1/24 18:30,19.11,95,4.47,360,1018.15,0,0,,
2020/1/24 18:35,19.11,95,7.15,53,1018.08,0,0,,
2020/1/24 18:40,19.11,95,4.47,360,1018.01,0,0,,
2020/1/24 18:45,19.17,95,5.81,29,1018.11,0,0,,
2020/1/24 18:50,19.17,95,4.02,9,1018.18,0,0,,
2020/1/24 18:55,19.11,95,4.92,26,1018.18,0,0,,
2020/1/24 19:00,19.11,95,5.81,36,1018.08,0,0,,
2020/1/24 19:05,19.17,95,4.02,320,1018.18,0,0,,
2020/1/24 19:10,19.06,95,4.02,326,1018.15,0,0,,
2020/1/24 19:15,19.11,95,6.71,360,1018.18,0,0,,
2020/1/24 19:20,19.11,95,7.15,296,1018.01,0,0,,
2020/1/24 19:25,19.06,95,4.47,360,1017.98,0,0,,
2020/1/24 19:30,19.17,95,4.47,360,1017.88,0,0,,
2020/1/24 19:35,19.17,95,6.26,360,1018.05,0,0,,
2020/1/24 19:40,19.17,95,4.92,46,1018.25,0,0,,
2020/1/24 19:45,19.11,95,4.47,28,1018.42,0,0,,
2020/1/24 19:50,19.17,95,4.02,360,1018.45,0,0,,
2020/1/24 19:55,19.17,95,4.92,42,1018.49,0,0,,
2020/1/24 20:00,19.11,95,3.58,360,1018.52,0,0,,
2020/1/24 20:05,19.17,95,4.92,360,1018.49,0,0,,
2020/1/24 20:10,19.17,95,2.24,9,1018.52,0,0,,
2020/1/24 20:15,19.22,95,4.02,360,1018.42,0,0,,
2020/1/24 20:20,19.22,95,2.68,360,1018.59,0,0,,
2020/1/24 20:25,19.11,95,2.68,46,1018.49,0,0,,
2020/1/24 20:30,19.11,95,4.47,70,1018.52,0,0,,
2020/1/24 20:35,19.11,95,5.81,360,1018.59,0,0,,
2020/1/24 20:40,19.11,95,4.02,360,1018.66,0,0,,
2020/1/24 20:45,19.17,95,7.15,360,1018.59,0,0,,
2020/1/24 20:50,19.17,95,4.02,355,1018.66,0,0,,
2020/1/24 20:55,19.11,95,2.68,360,1018.52,0,0,,
2020/1/24 21:00,19.17,95,7.15,338,1018.62,0,0,,
2020/1/24 21:05,19.22,95,3.13,12,1018.66,0,0,,
2020/1/24 21:10,19.22,94,5.81,5,1018.76,0,0,,
2020/1/24 21:15,19.28,95,6.26,360,1018.66,0,0,,
2020/1/24 21:20,19.22,94,6.26,52,1018.69,0,0,,
2020/1/24 21:25,19.28,94,7.15,46,1018.62,0,0,,
2020/1/24 21:30,19.28,94,6.26,355,1018.49,0,0,,
2020/1/24 21:35,19.28,94,5.36,360,1018.49,0,0,,
2020/1/24 21:40,19.28,94,5.36,360,1018.49,0,0,,
2020/1/24 21:45,19.33,94,6.26,360,1018.62,0,0,,
2020/1/24 21:50,19.33,94,4.47,300,1018.49,0,0,,
2020/1/24 21:55,19.28,95,5.81,360,1018.49,0,0,,
2020/1/24 22:00,19.22,94,4.02,39,1018.59,0,0,,
2020/1/24 22:05,19.28,95,5.36,360,1018.62,0,0,,
2020/1/24 22:10,19.22,94,6.71,348,1018.76,0,0,,
2020/1/24 22:15,19.22,94,5.36,360,1018.79,0,0,,
2020/1/24 22:20,19.22,94,5.36,360,1018.72,0,0,,
2020/1/24 22:25,19.17,94,4.47,42,1018.72,0,0,,
2020/1/24 22:30,19.22,94,4.47,57,1018.62,0,0,,
2020/1/24 22:35,19.22,94,3.13,306,1018.59,0,0,,
2020/1/24 22:40,19.22,94,3.13,306,1018.59,0,0,,
2020/1/24 22:45,19.22,94,4.47,360,1018.49,0,0,,
2020/1/24 22:50,19.44,94,4.02,360,1018.52,0,0,,
2020/1/24 22:55,19.39,94,4.47,68,1018.55,0,0,,
2020/1/24 23:00,19.39,94,6.26,360,1018.42,0,0,,
2020/1/24 23:05,19.39,94,6.26,360,1018.49,0,0,,
2020/1/24 23:10,19.44,94,7.15,32,1018.45,0,0,,
2020/1/24 23:15,19.33,94,2.68,348,1018.45,0,0,,
2020/1/24 23:20,19.39,94,7.15,32,1018.38,0,0,,
2020/1/24 23:25,19.33,94,5.36,360,1018.32,0,0,,
2020/1/24 23:30,19.33,94,5.36,360,1018.22,0,0,,
2020/1/24 23:35,19.33,94,2.68,5,1018.18,0,0,,
2020/1/24 23:40,19.33,94,4.47,5,1018.18,0,0,,
2020/1/24 23:45,19.28,94,4.92,9,1018.69,0,0,,
2020/1/24 23:50,19.28,94,4.47,34,1018.18,0,0,,
2020/1/24 23:55,19.33,94,4.02,360,1018.15,0,0,,
2020/1/25 00:00,19.39,94,4.47,360,1017.94,0,0,,
2020/1/25 00:05,19.39,94,4.02,360,1017.84,0,0,,
2020/1/25 00:10,19.33,94,4.92,360,1017.81,0,0,,
2020/1/25 00:15,19.28,94,4.92,360,1017.81,0,0,,
2020/1/25 00:20,19.33,94,4.02,360,1017.88,0,0,,
2020/1/25 00:25,19.33,94,4.02,360,1017.84,0,0,,
2020/1/25 00:30,19.28,94,6.71,360,1017.88,0,0,,
2020/1/25 00:35,19.28,94,4.47,360,1017.81,0,0,,
2020/1/25 00:40,19.33,94,3.58,61,1017.88,0,0,,
2020/1/25 00:45,19.22,94,6.26,360,1017.67,0,0,,
2020/1/25 00:50,19.28,94,4.47,326,1017.57,0,0,,
2020/1/25 00:55,19.28,94,4.92,360,1017.4,0,0,,
2020/1/25 01:00,19.33,94,5.36,5,1017.4,0,0,,
2020/1/25 01:05,19.39,94,2.68,331,1017.4,0,0,,
2020/1/25 01:10,19.39,94,4.47,5,1017.3,0,0,,
2020/1/25 01:15,19.39,94,2.24,360,1017.27,0,0,,
2020/1/25 01:20,19.39,94,2.24,360,1017.2,0,0,,
2020/1/25 01:25,19.44,94,4.92,306,1016.9,0,0,,
2020/1/25 01:30,19.5,94,5.36,15,1016.96,0,0,,
2020/1/25 01:35,19.5,94,5.81,360,1017,0,0,,
2020/1/25 01:40,19.39,94,1.79,331,1017.13,0,0,,
2020/1/25 01:45,19.33,94,4.92,66,1017.17,0,0,,
2020/1/25 01:50,19.39,94,5.81,360,1016.96,0,0,,
2020/1/25 01:55,19.33,94,4.47,335,1016.86,0,0,,
2020/1/25 02:00,19.33,94,4.02,360,1016.83,0,0,,
2020/1/25 02:05,19.22,94,4.02,28,1016.72,0,0,,
2020/1/25 02:10,19.28,94,4.02,360,1016.83,0,0,,
2020/1/25 02:15,19.22,93,3.58,360,1016.52,0,0,,
2020/1/25 02:20,19.22,94,5.36,332,1016.66,0,0,,
2020/1/25 02:25,19.28,94,4.92,360,1016.56,0,0,,
2020/1/25 02:30,19.22,94,3.58,360,1016.62,0,0,,
2020/1/25 02:35,19.28,94,3.58,94,1016.45,0,0,,
2020/1/25 02:40,19.28,94,3.58,360,1016.35,0,0,,
2020/1/25 02:45,19.11,94,5.81,323,1016.15,0,0,,
2020/1/25 02:50,19.11,94,5.81,360,1016.15,0,0,,
2020/1/25 02:55,19.11,94,2.24,355,1016.15,0,0,,
2020/1/25 03:00,19.11,94,3.58,360,1015.95,0,0,,
2020/1/25 03:05,19.11,94,4.92,342,1016.05,0,0,,
2020/1/25 03:10,19.11,94,6.71,355,1015.84,0,0,,
2020/1/25 03:15,19.11,94,4.92,74,1015.78,0,0,,
2020/1/25 03:20,19.11,94,7.6,360,1015.88,0,0,,
2020/1/25 03:25,19.06,94,5.36,40,1015.71,0,0,,
2020/1/25 03:30,19.11,94,6.26,360,1015.74,0,0,,
2020/1/25 03:35,19.06,94,6.26,360,1015.71,0,0,,
2020/1/25 03:40,19.06,94,5.81,32,1015.68,0,0,,
2020/1/25 03:45,19.06,94,7.15,30,1015.51,0,0,,
2020/1/25 03:50,19,94,5.81,315,1015.51,0,0,,
2020/1/25 03:55,19,94,3.58,5,1015.54,0,0,,
2020/1/25 04:00,19.06,94,5.36,311,1015.51,0,0,,
2020/1/25 04:05,19.06,94,5.36,12,1015.4,0,0,,
2020/1/25 04:10,19.06,94,4.92,360,1015.3,0,0,,
2020/1/25 04:15,19,94,4.92,360,1015.24,0,0,,
2020/1/25 04:20,19,94,4.47,360,1015.4,0,0,,
2020/1/25 04:25,19,94,6.71,360,1015.24,0,0,,
2020/1/25 04:30,18.94,94,4.02,45,1015.1,0,0,,
2020/1/25 04:35,18.94,94,8.05,360,1015.13,0,0,,
2020/1/25 04:40,18.94,94,4.47,34,1015.3,0,0,,
2020/1/25 04:45,18.83,94,4.47,355,1015.3,0,0,,
2020/1/25 04:50,18.83,94,6.26,37,1015.34,0,0,,
2020/1/25 04:55,18.83,94,4.02,360,1015.27,0,0,,
2020/1/25 05:00,18.89,94,3.58,360,1015.37,0,0,,
2020/1/25 05:05,18.83,94,4.92,360,1015.44,0,0,,
2020/1/25 05:10,18.83,93,5.36,360,1015.44,0,0,,
2020/1/25 05:15,18.78,93,4.47,360,1015.54,0,0,,
2020/1/25 05:20,18.83,94,6.71,355,1015.57,0,0,,
2020/1/25 05:25,18.94,94,4.92,5,1015.47,0,0,,
2020/1/25 05:30,18.94,94,5.36,360,1015.44,0,0,,
2020/1/25 05:35,19,94,6.26,360,1015.44,0,0,,
2020/1/25 05:40,19.06,93,5.36,360,1015.51,0,0,,
2020/1/25 05:45,19.06,93,5.81,360,1015.68,0,0,,
2020/1/25 05:50,19,93,4.02,360,1015.84,0,0,,
2020/1/25 05:55,19.06,93,5.36,360,1015.91,0,0,,
2020/1/25 06:00,19.06,93,5.81,13,1015.78,0,0,,
2020/1/25 06:05,19.06,93,5.81,360,1015.81,0,0,,
2020/1/25 06:10,19.06,93,6.26,281,1015.84,0,0,,
2020/1/25 06:15,19.06,94,4.47,360,1016.01,0,0,,
2020/1/25 06:20,18.94,94,5.36,360,1016.05,0,0,,
2020/1/25 06:25,18.94,94,4.92,23,1016.45,0,0,,
2020/1/25 06:30,18.89,94,5.36,360,1016.45,0,0,,
2020/1/25 06:35,18.89,94,6.26,42,1016.45,0,0,,
2020/1/25 06:40,18.94,94,7.15,360,1016.49,0,0,,
2020/1/25 06:45,18.94,94,4.47,360,1016.76,0,0,,
2020/1/25 06:50,18.94,94,4.92,355,1016.86,5,0,,
2020/1/25 06:55,18.94,94,3.58,360,1016.96,0,0,,
2020/1/25 07:00,19.06,94,4.92,5,1017.13,0,0,,
2020/1/25 07:05,19.11,94,4.02,350,1017.27,9,0,,
2020/1/25 07:10,19.11,94,4.92,41,1017.3,14,0,,
2020/1/25 07:15,19.11,93,2.24,360,1017.47,18,0,,
2020/1/25 07:20,19.11,93,4.92,34,1017.44,33,0,,
2020/1/25 07:25,19.22,94,2.68,56,1017.44,28,0,,
2020/1/25 07:30,19.28,93,2.24,335,1017.61,58,0,,
2020/1/25 07:35,19.28,93,4.02,360,1017.61,26,0,,
2020/1/25 07:40,19.28,93,3.58,360,1017.71,26,0,,
2020/1/25 07:45,19.33,93,3.58,293,1017.71,42,0,,
2020/1/25 07:50,19.39,93,5.36,55,1017.71,56,0,,
2020/1/25 07:55,19.44,93,4.02,69,1017.74,51,0,,
2020/1/25 08:00,19.44,93,4.92,360,1017.71,77,0,,
2020/1/25 08:05,19.5,93,4.92,360,1017.71,105,0,,
2020/1/25 08:10,19.56,93,4.47,40,1017.84,76,0,,
2020/1/25 08:15,19.61,92,2.68,345,1017.88,60,0,,
2020/1/25 08:20,19.67,92,2.68,311,1017.74,84,0,,
2020/1/25 08:25,19.72,92,1.79,63,1017.91,81,0,,
2020/1/25 08:30,19.78,92,3.58,360,1017.71,137,0.6,,
2020/1/25 08:35,19.78,92,5.36,9,1017.78,142,0.6,,
2020/1/25 08:40,19.78,92,3.58,360,1018.05,144,0.7,,
2020/1/25 08:45,20,92,4.47,5,1018.01,116,0.6,,
2020/1/25 08:50,19.89,91,4.92,360,1017.98,118,0.6,,
2020/1/25 08:55,19.94,92,2.68,360,1018.05,163,0.7,,
2020/1/25 09:00,19.94,91,5.81,355,1018.05,98,0.5,,
2020/1/25 09:05,19.94,91,5.81,355,1017.94,271,0.7,,
2020/1/25 09:10,20,91,5.36,360,1018.11,260,1.1,,
2020/1/25 09:15,20,91,4.02,360,1018.18,169,1,V,
2020/1/25 09:20,20.06,91,3.58,20,1018.45,125,0.8,,
2020/1/25 09:25,20.06,91,2.24,360,1018.42,100,0.7,,
2020/1/25 09:30,20,91,4.02,360,1018.55,79,0.5,,
2020/1/25 09:35,19.94,92,5.36,288,1018.49,137,1,,
2020/1/25 09:40,19.94,92,5.36,288,1018.49,137,1,,
2020/1/25 09:45,19.83,92,2.24,313,1018.38,102,0.7,,
2020/1/25 09:50,19.83,92,4.92,9,1018.45,51,0,,
2020/1/25 09:55,19.72,92,6.26,360,1018.42,69,0.5,,
2020/1/25 10:00,19.67,92,5.81,360,1018.15,60,0.6,,
2020/1/25 10:05,19.61,92,4.47,360,1017.98,79,0.6,,
2020/1/25 10:10,19.56,92,5.36,34,1017.81,183,1.3,,
2020/1/25 10:15,19.67,93,4.92,32,1017.78,313,2.5,,
2020/1/25 10:20,19.89,92,6.26,360,1017.5,230,1.8,,
2020/1/25 10:25,19.83,92,4.92,360,1017.64,156,1.4,,
2020/1/25 10:30,19.78,92,4.92,63,1017.67,257,1.9,,
2020/1/25 10:35,19.83,92,3.58,360,1017.74,281,2.3,,
2020/1/25 10:40,19.89,92,6.26,360,1017.64,281,2.3,,
2020/1/25 10:45,19.89,91,5.81,360,1017.78,207,1.9,,
2020/1/25 10:50,19.89,91,5.36,44,1017.81,371,2.3,,
2020/1/25 10:55,19.94,91,3.58,360,1017.67,243,2.1,,
2020/1/25 11:00,19.94,91,6.26,360,1017.84,230,2,,
2020/1/25 11:05,19.89,91,6.26,49,1017.71,253,2.3,,
2020/1/25 11:10,19.94,91,2.68,355,1018.01,195,1.6,,
2020/1/25 11:15,19.94,90,2.24,25,1017.98,234,1.9,,
2020/1/25 11:20,20,90,4.02,360,1017.88,199,1.6,,
2020/1/25 11:25,19.94,90,2.68,360,1017.84,105,1.4,,
2020/1/25 11:30,19.94,90,4.47,360,1017.84,139,1.2,,
2020/1/25 11:35,19.94,90,5.81,360,1017.67,134,1.2,,
2020/1/25 11:40,19.83,90,5.81,360,1017.54,185,1.8,,
2020/1/25 11:45,19.78,90,4.92,360,1017.47,111,1,,
2020/1/25 11:50,19.61,90,4.47,360,1017.44,123,1.2,,
2020/1/25 11:55,19.61,91,6.26,360,1017.17,174,1.5,,
2020/1/25 12:00,19.67,91,5.81,360,1017.13,248,2,,
2020/1/25 12:05,19.67,91,5.81,360,1016.93,179,1.5,,
2020/1/25 12:10,19.61,91,6.26,360,1017.03,206,1.8,,
2020/1/25 12:15,19.72,91,2.68,41,1016.96,165,2,,
2020/1/25 12:20,19.67,91,6.26,5,1016.66,176,1.3,,
2020/1/25 12:25,19.67,91,4.47,360,1016.45,162,1.4,,
2020/1/25 12:30,19.56,91,5.81,360,1016.39,174,1.5,,
2020/1/25 12:35,19.56,91,4.47,360,1016.32,158,1.3,,
2020/1/25 12:40,19.5,91,4.02,360,1016.22,127,1.2,,
2020/1/25 12:45,19.56,91,3.58,360,1015.95,283,3.1,,
2020/1/25 12:50,19.56,91,4.47,46,1015.88,297,2.6,,
2020/1/25 12:55,19.61,91,7.15,355,1015.68,209,1.6,,
2020/1/25 13:00,19.61,91,3.58,14,1015.68,394,1.6,,
2020/1/25 13:05,19.61,91,4.92,360,1015.3,332,2.6,,
2020/1/25 13:10,19.67,91,4.47,360,1015.54,311,1.7,,
2020/1/25 13:15,19.72,91,4.47,5,1015.51,218,2.2,,
2020/1/25 13:20,19.78,90,4.92,5,1015.27,267,2.8,,
2020/1/25 13:25,19.72,90,4.47,360,1015.27,338,2.5,,
2020/1/25 13:30,19.72,90,5.81,59,1014.93,167,1.3,,
2020/1/25 13:35,19.72,90,6.26,24,1014.83,190,2.2,,
2020/1/25 13:40,19.67,90,5.36,47,1014.59,251,2.1,,
2020/1/25 13:45,19.67,90,5.81,360,1014.73,197,1.6,,
2020/1/25 13:50,19.67,90,4.92,342,1014.52,362,2.1,,
2020/1/25 13:55,19.61,90,5.36,360,1014.46,237,1.8,,
2020/1/25 14:00,19.67,90,5.36,360,1014.59,374,2.4,,
2020/1/25 14:05,19.72,90,6.26,360,1014.59,308,2.2,,
2020/1/25 14:10,19.83,90,5.81,342,1014.66,292,1.8,,
2020/1/25 14:15,19.78,90,6.71,360,1014.49,295,2,,
2020/1/25 14:20,19.83,90,5.36,14,1014.42,223,1.7,,
2020/1/25 14:25,19.83,90,3.58,27,1014.36,323,2,,
2020/1/25 14:30,19.89,89.96,6.71,355,1014.52,258,1.7,,V
2020/1/25 14:35,19.83,89.91,5.36,40,1014.36,255,1.6,,V
2020/1/25 14:40,19.83,90,5.36,360,1014.29,236,1.6,,
2020/1/25 14:45,19.61,90,4.47,360,1014.39,128,0.8,,
2020/1/25 14:50,19.67,90,5.81,269,1014.19,155,0.9,,
2020/1/25 14:55,19.61,90,4.47,76,1014.25,130,0.7,,
2020/1/25 15:00,19.44,90,5.81,360,1014.15,118,0.8,,
2020/1/25 15:05,19.44,90,3.13,55,1014.15,107,0.7,,
2020/1/25 15:10,19.39,90,4.47,360,1014.12,74,0.5,,
2020/1/25 15:15,19.5,91,5.36,360,1014.12,91,0.5,,
2020/1/25 15:20,19.39,91,4.02,12,1013.88,70,0,,
2020/1/25 15:25,19.33,91,4.92,360,1014.02,93,0.6,,
2020/1/25 15:30,19.28,91,4.47,55,1013.92,74,0,,
2020/1/25 15:35,19.39,91,5.36,49,1013.92,62,0,,
2020/1/25 15:40,19.28,91,3.58,360,1014.02,76,0,,
2020/1/25 15:45,19.22,91,4.47,360,1014.22,74,0,,
2020/1/25 15:50,19.22,91,7.15,360,1014.02,37,0,,
2020/1/25 15:55,19.22,91,5.81,360,1014.02,54,0,,
2020/1/25 16:00,19.22,92,5.36,360,1014.22,44,0,,
2020/1/25 16:05,19.22,92,5.81,355,1014.05,83,0,,
2020/1/25 16:10,19.22,92,4.92,360,1013.88,70,0,,
2020/1/25 16:15,19.22,92,2.24,78,1014.12,33,0,,
2020/1/25 16:20,19.17,92,3.58,360,1014.12,47,0,,
2020/1/25 16:25,19.11,92,6.71,360,1014.02,49,0,,
2020/1/25 16:30,19.17,92,3.58,360,1013.98,46,0,,
2020/1/25 16:35,19.17,92,8.94,360,1013.92,35,0,,
2020/1/25 16:40,19.17,92,4.47,360,1014.08,30,0,,
2020/1/25 16:45,19.11,92,4.02,360,1014.12,30,0,,
2020/1/25 16:50,19.11,92,6.26,360,1014.05,32,0,,
2020/1/25 16:55,19.11,92,5.36,28,1014.19,23,0,,
2020/1/25 17:00,19.11,92,4.47,360,1013.88,16,0,,
2020/1/25 17:05,19.11,92,6.26,360,1014.22,12,0,,
2020/1/25 17:10,19.06,92,4.02,44,1014.15,16,0,,
2020/1/25 17:15,19.06,92,4.02,17,1014.39,7,0,,
2020/1/25 17:20,19.06,92,4.47,5,1014.46,5,0,,
2020/1/25 17:25,19.06,93,7.6,360,1014.46,0,0,,
2020/1/25 17:30,19.06,93,4.92,17,1014.36,0,0,,
2020/1/25 17:35,19,93,7.15,360,1014.42,0,0,,
2020/1/25 17:40,19,93,7.6,360,1014.32,0,0,,
2020/1/25 17:45,18.94,93,6.71,360,1014.29,0,0,,
2020/1/25 17:50,18.94,93,3.58,360,1014.29,0,0,,
2020/1/25 17:55,18.94,93,6.26,360,1014.46,0,0,,
2020/1/25 18:00,18.94,93,4.92,28,1014.52,0,0,,
2020/1/25 18:05,18.89,93,4.02,303,1014.39,0,0,,
2020/1/25 18:10,18.89,93,4.47,254,1014.39,0,0,,
2020/1/25 18:15,18.89,93,3.58,360,1014.39,0,0,,
2020/1/25 18:20,18.94,93,4.92,360,1014.36,0,0,,
2020/1/25 18:25,18.89,93,4.47,360,1014.59,0,0,,
2020/1/25 18:30,18.89,93,6.71,44,1014.66,0,0,,
2020/1/25 18:35,18.89,93,4.92,360,1014.69,0,0,,
2020/1/25 18:40,18.83,93,4.02,360,1014.73,0,0,,
2020/1/25 18:45,18.94,93,5.81,360,1014.59,0,0,,
2020/1/25 18:50,18.89,93,4.02,360,1014.25,0,0,,
2020/1/25 18:55,18.94,93,4.02,360,1014.59,0,0,,
2020/1/25 19:00,18.94,93,6.26,360,1014.22,0,0,,
2020/1/25 19:05,18.94,93,2.24,5,1014.52,0,0,,
2020/1/25 19:10,18.89,93,6.26,360,1014.32,0,0,,
2020/1/25 19:15,18.94,93,2.68,28,1014.49,0,0,,
2020/1/25 19:20,18.94,93,5.36,360,1014.56,0,0,,
2020/1/25 19:25,18.94,93,6.26,327,1014.46,0,0,,
2020/1/25 19:30,18.94,93,4.02,360,1014.32,0,0,,
2020/1/25 19:35,18.94,93,4.92,360,1014.42,0,0,,
2020/1/25 19:40,18.94,93,5.81,360,1014.63,0,0,,
2020/1/25 19:45,18.89,93,4.47,360,1014.52,0,0,,
2020/1/25 19:50,18.94,93,5.81,71,1014.39,0,0,,
2020/1/25 19:55,18.89,93,4.92,355,1014.69,0,0,,
2020/1/25 20:00,18.94,94,2.68,360,1014.73,0,0,,
2020/1/25 20:05,18.89,94,4.47,360,1014.8,0,0,,
2020/1/25 20:10,18.89,94,5.81,355,1014.86,0,0,,
2020/1/25 20:15,18.94,94,4.02,360,1014.96,0,0,,
2020/1/25 20:20,18.83,94,2.68,360,1014.83,0,0,,
2020/1/25 20:25,18.83,93,3.58,360,1015.03,0,0,,
2020/1/25 20:30,18.83,93,5.81,360,1014.83,0,0,,
2020/1/25 20:35,18.67,94,5.81,360,1014.86,0,0,,
2020/1/25 20:40,18.67,94,5.81,360,1014.86,0,0,,
2020/1/25 20:45,18.56,94,5.36,355,1015.17,0,0,,
2020/1/25 20:50,18.56,94,4.47,360,1015.2,0,0,,
2020/1/25 20:55,18.5,94,4.47,360,1015.27,0,0,,
2020/1/25 21:00,18.5,93,8.05,360,1015.2,0,0,,
2020/1/25 21:05,18.44,93,4.02,355,1015.24,0,0,,
2020/1/25 21:10,18.44,93,4.02,360,1015.17,0,0,,
2020/1/25 21:15,18.5,93,7.6,319,1014.93,0,0,,
2020/1/25 21:20,18.44,93,5.81,360,1015.03,0,0,,
2020/1/25 21:25,18.5,93,5.36,360,1014.9,0,0,,
2020/1/25 21:30,18.5,93,6.71,61,1015,0,0,,
2020/1/25 21:35,18.5,94,4.47,5,1015.07,0,0,,
2020/1/25 21:40,18.5,94,5.36,360,1014.93,0,0,,
2020/1/25 21:45,18.5,94,5.81,40,1014.93,0,0,,
2020/1/25 21:50,18.5,94,5.36,355,1014.83,0,0,,
2020/1/25 21:55,18.44,94,6.26,343,1014.9,0,0,,
2020/1/25 22:00,18.44,93,2.68,28,1014.66,0,0,,
2020/1/25 22:05,18.5,94,6.26,36,1014.66,0,0,,
2020/1/25 22:10,18.5,94,6.71,360,1014.36,0,0,,
2020/1/25 22:15,18.5,94,7.6,43,1014.59,0,0,,
2020/1/25 22:20,18.56,94,4.02,93,1014.76,0,0,,
2020/1/25 22:25,18.56,94,4.02,360,1015,0,0,,
2020/1/25 22:30,18.56,94,6.71,360,1014.83,0,0,,
2020/1/25 22:35,18.61,94,6.71,28,1014.9,0,0,,
2020/1/25 22:40,18.56,94,5.36,360,1014.73,0,0,,
2020/1/25 22:45,18.61,94,2.68,59,1014.76,0,0,,
2020/1/25 22:50,18.56,94,3.13,59,1014.46,0,0,,
2020/1/25 22:55,18.56,94,6.71,360,1014.42,0,0,,
2020/1/25 23:00,18.56,94,4.92,360,1014.39,0,0,,
2020/1/25 23:05,18.5,94,4.02,360,1014.25,0,0,,
2020/1/25 23:10,18.61,94,3.13,40,1014.29,0,0,,
2020/1/25 23:15,18.56,94,5.81,46,1014.05,0,0,,
2020/1/25 23:20,18.61,94,4.92,360,1014.42,0,0,,
2020/1/25 23:25,18.61,94,4.02,9,1014.73,0,0,,
2020/1/25 23:30,18.61,94,5.36,33,1014.56,0,0,,
2020/1/25 23:35,18.56,94,1.79,42,1014.52,0,0,,
2020/1/25 23:40,18.56,94,5.81,360,1013.81,0,0,,
2020/1/25 23:45,18.56,94,4.02,360,1013.88,0,0,,
2020/1/25 23:50,18.67,95,4.92,9,1013.58,0,0,,
2020/1/25 23:55,18.67,95,5.36,5,1013.64,0,0,,
2020/1/26 00:00,18.56,95,2.68,39,1013.54,0,0,,
2020/1/26 00:05,18.61,95,2.68,24,1013.78,0,0,,
2020/1/26 00:10,18.61,95,2.24,360,1013.92,0,0,,
2020/1/26 00:15,18.67,95,4.92,311,1014.52,0,0,,
2020/1/26 00:20,18.72,95,5.36,360,1014.83,0,0,,
2020/1/26 00:25,18.72,95,2.24,38,1014.12,0,0,,
2020/1/26 00:30,18.56,95,5.36,29,1014.02,0,0,,
2020/1/26 00:35,18.5,95,4.02,15,1013.85,0,0,,
2020/1/26 00:40,18.5,95,3.13,92,1013.95,0,0,,
2020/1/26 00:45,18.56,95,5.81,360,1013.03,0,0,,
2020/1/26 00:50,18.56,96,4.47,302,1012.66,0,0,,
2020/1/26 00:55,18.61,96,6.26,360,1012.53,0,0,,
2020/1/26 01:00,18.67,96,4.02,360,1012.22,0,0,,
2020/1/26 01:05,18.61,96,4.02,63,1012.32,0,0,,
2020/1/26 01:10,18.61,96,6.71,360,1012.42,0,0,,
2020/1/26 01:15,18.56,96,7.15,46,1012.46,0,0,,
2020/1/26 01:20,18.67,96,5.81,360,1012.39,0,0,,
2020/1/26 01:25,18.67,96,4.92,360,1012.32,0,0,,
2020/1/26 01:30,18.67,95,4.02,360,1012.32,0,0,,
2020/1/26 01:35,18.67,96,4.92,360,1012.32,0,0,,
2020/1/26 01:40,18.67,96,4.92,360,1012.32,0,0,,
2020/1/26 01:45,18.5,96,5.81,360,1011.92,0,0,,
2020/1/26 01:50,18.44,96,7.15,360,1011.92,0,0,,
2020/1/26 01:55,18.39,96,9.39,360,1011.82,0,0,,
2020/1/26 02:00,18.39,96,7.15,360,1012.05,0,0,,
2020/1/26 02:05,18.39,96,4.92,360,1011.88,0,0,,
2020/1/26 02:10,18.39,96,7.6,360,1012.02,0,0,,
2020/1/26 02:15,18.33,96,4.92,315,1011.51,0,0,,
2020/1/26 02:20,18.17,96,7.6,355,1011.75,0,0,,
2020/1/26 02:25,18.17,96,4.92,360,1011.75,0,0,,
2020/1/26 02:30,18.11,96,5.81,360,1011.58,0,0,,
2020/1/26 02:35,18.11,96,7.6,355,1011.65,0,0,,
2020/1/26 02:40,18.11,96,7.6,355,1011.65,0,0,,
